,bus_lon,bus_lat
0,-73.997586,40.712751
1,-73.933082,40.803419
2,-73.94063,40.793085
3,-73.987731,40.724258
4,-73.955472,40.77275
5,-73.974048,40.747317
6,-73.961079,40.765064
7,-73.94999,40.779009
8,-73.992787,40.714775
9,-73.972341,40.749649
10,-74.012722,40.701964
11,-73.935401,40.800233
12,-73.96833,40.754446
13,-73.979776,40.739293
